"Newegg, other2, other4, : Thunder + orange"
Name:,Price:,Review Score:,Links
RicoIndustries FG68002 Oklahoma City Thunder Orange Car Flag,$8.97, ,https://www.newegg.com/Product/Product.aspx?Item=9SIA12Y5NH8870&Description=Thunder%2c%20orange&cm_re=Thunder%2c_orange-_-0K2-008E-00099-_-Product
Oklahoma City Thunder Orange Metal License Plate,$8.99, ,https://www.newegg.com/Product/Product.aspx?Item=9SIA5VG6YE7893&Description=Thunder%2c%20orange&cm_re=Thunder%2c_orange-_-9SIA5VG6YE7893-_-Product
Oklahoma City Thunder Anodized Orange License Plate Frame,$22.98, ,https://www.newegg.com/Product/Product.aspx?Item=9SIA12Y6SR1316&Description=Thunder%2c%20orange&cm_re=Thunder%2c_orange-_-9SIA12Y6SR1316-_-Product
Oklahoma City Thunder Adidas Orange Structured Flexfit Superflex Hat Cap (S/M),$24.99, ,https://www.newegg.com/Product/Product.aspx?Item=9SIA46M51U4795&Description=Thunder%2c%20orange&cm_re=Thunder%2c_orange-_-9SIA46M51U4795-_-Product
Telephone Fax RJ-11 RJ11 Surge Protector Thunder Lightning Arrester Protection Device RJ11 Surge Protection SPDTelecom RJ11 Telephone Modem Surge Protector Thunder Arrester,$8.99, ,https://www.newegg.com/Product/Product.aspx?Item=9SIA50M2TH7344&Description=Thunder%2c%20orange&cm_re=Thunder%2c_orange-_-9SIA50M2TH7344-_-Product
Cleveland Browns 47 Brand Orange Thunder Clean Up Adjustable Slouch Hat Cap,$24.99, ,https://www.newegg.com/Product/Product.aspx?Item=9SIA46M3A52474&Description=Thunder%2c%20orange&cm_re=Thunder%2c_orange-_-9SIA46M3A52474-_-Product
First Team FT84 Foam-Vinyl Replacement Padding for Thunder Portable Goals Orange,$432.00, ,https://www.newegg.com/Product/Product.aspx?Item=9SIA00Y5127742&Description=Thunder%2c%20orange&cm_re=Thunder%2c_orange-_-9SIA00Y5127742-_-Product
Debco KP7431 Tropical Thunder Bamboo Tumblers - Lime Green - Orange - Red / White tumblers  - 12 Pack,$189.17, ,https://www.newegg.com/Product/Product.aspx?Item=9SIA00Y7RF0828&Description=Thunder%2c%20orange&cm_re=Thunder%2c_orange-_-9SIA00Y7RF0828-_-Product
First Team FT84 Foam-Vinyl Replacement Padding for Thunder Portable Goals Sienna Orange,$432.00, ,https://www.newegg.com/Product/Product.aspx?Item=9SIA00Y5126385&Description=Thunder%2c%20orange&cm_re=Thunder%2c_orange-_-9SIA00Y5126385-_-Product
Kingkong/LDARC THUNDER 600X RC Airplane 656mm Wingspan EPO PNP Version - Orange,$81.99, ,https://www.newegg.com/Product/Product.aspx?Item=9SIA3528552911&Description=Thunder%2c%20orange&cm_re=Thunder%2c_orange-_-9SIA3528552911-_-Product
Pet Life JKHL6ORLG Helios Thunder-crackle Full-Body Waded-Plush Adjustable and 3M Reflective Dog Jacket Orange - Large,$69.99, ,https://www.newegg.com/Product/Product.aspx?Item=9SIA00Y88R8832&Description=Thunder%2c%20orange&cm_re=Thunder%2c_orange-_-9SIA00Y88R8832-_-Product
Pet Life JKHL6ORMD Helios Thunder-crackle Full-Body Waded-Plush Adjustable and 3M Reflective Dog Jacket Orange - Medium,$69.99, ,https://www.newegg.com/Product/Product.aspx?Item=9SIA00Y88R8831&Description=Thunder%2c%20orange&cm_re=Thunder%2c_orange-_-9SIA00Y88R8831-_-Product
First Team Thunder Supreme Steel-Acrylic Portable Basketball System With Regulation Size Backboard Orange,$4900.00, ,https://www.newegg.com/Product/Product.aspx?Item=9SIA00Y7P63771&Description=Thunder%2c%20orange&cm_re=Thunder%2c_orange-_-9SIA00Y7P63771-_-Product
2.15' x 3' Serpentine Charm Dark Orange White and Thunder Gray Carved Area Throw Rug,$47.99, ,https://www.newegg.com/Product/Product.aspx?Item=9SIA09A49F3973&Description=Thunder%2c%20orange&cm_re=Thunder%2c_orange-_-9SIA09A49F3973-_-Product
7.5' x 10.5' Serpentine Charm Dark Orange White and Thunder Gray Carved Area Throw Rug,$387.99, ,https://www.newegg.com/Product/Product.aspx?Item=9SIA09A49F4247&Description=Thunder%2c%20orange&cm_re=Thunder%2c_orange-_-9SIA09A49F4247-_-Product
5.15' x 7.5' Serpentine Charm Dark Orange White and Thunder Gray Carved Area Throw Rug,$192.99, ,https://www.newegg.com/Product/Product.aspx?Item=9SIA09A49F5321&Description=Thunder%2c%20orange&cm_re=Thunder%2c_orange-_-9SIA09A49F5321-_-Product
Glo-Crazy Kenai Thunder Spoon With Glostick Technology (Nickel/Orange 7/8-Ounce) - 7/8Oz Nickle Spoon Orange,$8.75, ,https://www.newegg.com/Product/Product.aspx?Item=9SIA1N655K8586&Description=Thunder%2c%20orange&cm_re=Thunder%2c_orange-_-9SIA1N655K8586-_-Product
Glo-Crazy Kenai Thunder Spoon with GloStick Technology (Nickel/Orange 7/8-Ounce) - Glo-Crazy,$8.75, ,https://www.newegg.com/Product/Product.aspx?Item=9SIA1N655K9182&Description=Thunder%2c%20orange&cm_re=Thunder%2c_orange-_-9SIA1N655K9182-_-Product
Pet Life JKHL6ORXS Helios Thunder-crackle Full-Body Waded-Plush Adjustable and 3M Reflective Dog Jacket Orange - Extra Small,$69.99, ,https://www.newegg.com/Product/Product.aspx?Item=9SIA00Y7RK8793&Description=Thunder%2c%20orange&cm_re=Thunder%2c_orange-_-9SIA00Y7RK8793-_-Product
First Team Thunder Select Steel-Acrylic Portable Basketball System Orange,$4800.00, ,https://www.newegg.com/Product/Product.aspx?Item=9SIA00Y5125037&Description=Thunder%2c%20orange&cm_re=Thunder%2c_orange-_-9SIA00Y5125037-_-Product
Acacia STYLE -22-505 Thunder Soccer Balls - White and Orange 5,$16.34, ,https://www.newegg.com/Product/Product.aspx?Item=9SIA00Y1YW5203&Description=Thunder%2c%20orange&cm_re=Thunder%2c_orange-_-9SIA00Y1YW5203-_-Product
First Team Thunder Pro Steel-Glass Portable Basketball System Orange,$4900.00, ,https://www.newegg.com/Product/Product.aspx?Item=9SIA00Y5115251&Description=Thunder%2c%20orange&cm_re=Thunder%2c_orange-_-9SIA00Y5115251-_-Product
Pet Life JKHL6ORSM Helios Thunder-crackle Full-Body Waded-Plush Adjustable and 3M Reflective Dog Jacket Orange - Small,$69.99, ,https://www.newegg.com/Product/Product.aspx?Item=9SIA00Y7RK8811&Description=Thunder%2c%20orange&cm_re=Thunder%2c_orange-_-9SIA00Y7RK8811-_-Product
First Team Thunder Ultra Steel-Glass Portable Basketball System Orange,$4800.00, ,https://www.newegg.com/Product/Product.aspx?Item=9SIA00Y5131443&Description=Thunder%2c%20orange&cm_re=Thunder%2c_orange-_-9SIA00Y5131443-_-Product
First Team Thunder Select Steel-Acrylic Portable Basketball System Sienna Orange,$4800.00, ,https://www.newegg.com/Product/Product.aspx?Item=9SIA00Y5127389&Description=Thunder%2c%20orange&cm_re=Thunder%2c_orange-_-9SIA00Y5127389-_-Product
First Team Thunder Pro Steel-Glass Portable Basketball System Sienna Orange,$4900.00, ,https://www.newegg.com/Product/Product.aspx?Item=9SIA00Y5125193&Description=Thunder%2c%20orange&cm_re=Thunder%2c_orange-_-9SIA00Y5125193-_-Product
First Team Thunder Ultra Steel-Glass Portable Basketball System Sienna Orange,$4800.00, ,https://www.newegg.com/Product/Product.aspx?Item=9SIA00Y5131075&Description=Thunder%2c%20orange&cm_re=Thunder%2c_orange-_-9SIA00Y5131075-_-Product
First Team Thunder Arena Steel-Glass Portable Basketball System With Official Glass Backboard Orange,$5000.00, ,https://www.newegg.com/Product/Product.aspx?Item=9SIA00Y5130270&Description=Thunder%2c%20orange&cm_re=Thunder%2c_orange-_-9SIA00Y5130270-_-Product
First Team Thunder Arena Steel-Glass Portable Basketball System With Official Glass Backboard Sienna Orange,$5000.00, ,https://www.newegg.com/Product/Product.aspx?Item=9SIA00Y5130812&Description=Thunder%2c%20orange&cm_re=Thunder%2c_orange-_-9SIA00Y5130812-_-Product
First Team Thunder Supreme Steel-Acrylic Portable Basketball System With Regulation Size Backboard Sienna Orange,$4900.00, ,https://www.newegg.com/Product/Product.aspx?Item=9SIA00Y5126517&Description=Thunder%2c%20orange&cm_re=Thunder%2c_orange-_-9SIA00Y5126517-_-Product
The Ultimate Waterproof Thunder-Paw Adjustable Zippered Folding Travel Dog Raincoat,$15.35, ,https://www.newegg.com/Product/Product.aspx?Item=9SIA62V55B3530&Description=Thunder%2c%20orange&cm_re=Thunder%2c_orange-_-00B-0076-000Y2-_-Product
Helios Thunder-crackle Full-Body Waded-Plush Adjustable and 3M Reflective Dog Jacket,$69.99, ,https://www.newegg.com/Product/Product.aspx?Item=9SIA62V55B4161&Description=Thunder%2c%20orange&cm_re=Thunder%2c_orange-_-00B-0076-00175-_-Product
